<?xml version="1.0" encoding="UTF-8" standalone="no"?>
<Entities build="b243" majorVersion="9" minorVersion="0"
	modelPersistenceProviderPackage="AzuresqlPersistenceProviderPackage"
	revision="3" schemaVersion="1102" universal="">
	<ApplicationKeys>
		<ApplicationKey clientName="" description=""
			documentationContent="" expirationDate="2025-11-01T11:42:00.000Z"
			homeMashup="" ipWhitelist=""
			keyId="a59beff9-da8f-4700-ab43-240c97e0ac1a"
			lastModifiedDate="2022-03-07T15:04:17.639Z" name="KBAzureAppKey"
			projectName="TWX-Ext-KBNonSAPConnectors" tags=""
			userNameReference="Administrator">
			<Owner name="adm-flassakm" type="User" />
			<avatar />
			<DesignTimePermissions>
				<Create />
				<Read />
				<Update />
				<Delete />
				<Metadata />
			</DesignTimePermissions>
			<RunTimePermissions />
			<VisibilityPermissions>
				<Visibility />
			</VisibilityPermissions>
			<ConfigurationTableDefinitions />
			<ConfigurationTables />
			<ConfigurationChanges>
				<ConfigurationChange changeAction="CREATE"
					changeReason="header : name : updated, userNameReference : updated, expirationDate : updated&#10;"
					timestamp="2022-01-27T11:42:23.920Z" user="adm-flassakm" />
				<ConfigurationChange changeAction="MODIFY"
					changeReason="header : expirationDate : updated&#10;"
					timestamp="2022-03-07T15:04:17.635Z" user="adm-flassakm" />
			</ConfigurationChanges>
		</ApplicationKey>
	</ApplicationKeys>
</Entities>
