<?xml version="1.0" encoding="UTF-8"?>
<Entities
 build="b628"
 majorVersion="9"
 minorVersion="0"
 modelPersistenceProviderPackage="MssqlPersistenceProviderPackage"
 revision="10"
 schemaVersion="1109"
 universal="password">
    <DataShapes>
        <DataShape
         baseDataShape=""
         description=""
         documentationContent=""
         homeMashup=""
         lastModifiedDate="2022-03-08T16:06:19.637Z"
         name="KBAzureBlobStorageExportTable_SYSTEM_deletedEntries_out_DS"
         projectName="TWX-Ext-KBNonSAPConnectors"
         tags="">
            <avatar></avatar>
            <DesignTimePermissions>
                <Create></Create>
                <Read></Read>
                <Update></Update>
                <Delete></Delete>
                <Metadata></Metadata>
            </DesignTimePermissions>
            <RunTimePermissions></RunTimePermissions>
            <VisibilityPermissions>
                <Visibility></Visibility>
            </VisibilityPermissions>
            <ConfigurationTableDefinitions></ConfigurationTableDefinitions>
            <ConfigurationTables></ConfigurationTables>
            <FieldDefinitions>
                <FieldDefinition
                 aspect.isPrimaryKey="true"
                 baseType="STRING"
                 description=""
                 name="SourceSystem"
                 ordinal="101"></FieldDefinition>
                <FieldDefinition
                 baseType="STRING"
                 description=""
                 name="DELETE_IDENTIFIER"
                 ordinal="103"></FieldDefinition>
                <FieldDefinition
                aspect.isPrimaryKey="true"
                 baseType="LONG"
                 description="Id"
                 name="Id"
                 ordinal="0"></FieldDefinition>
            </FieldDefinitions>
        </DataShape>
    </DataShapes>
</Entities>
