<?xml version="1.0" encoding="UTF-8"?>
<Entities
 majorVersion="9"
 minorVersion="3"
 universal="password">
    <Things>
        <Thing
         description=""
         documentationContent=""
         effectiveThingPackage="ConfiguredThing"
         enabled="true"
         homeMashup=""
         identifier=""
         inheritedValueStream=""
         name="KBAzureFunctionsThing"
         projectName="TWX-Ext-KBNonSAPConnectors"
         published="false"
         tags=""
         thingTemplate="GenericThing"
         valueStream="">
            <avatar></avatar>
            <DesignTimePermissions>
                <Create></Create>
                <Read></Read>
                <Update></Update>
                <Delete></Delete>
                <Metadata></Metadata>
            </DesignTimePermissions>
            <RunTimePermissions>
                <Permissions
                 resourceName="*">
                    <PropertyRead>
                        <Principal
                         isPermitted="true"
                         name="StiwaConnector"
                         type="User"></Principal>
						<Principal
                         isPermitted="true"
                         name="KBMachineOperatorUserGroup"
                         type="Group"></Principal>
                    </PropertyRead>
                    <PropertyWrite>
                        <Principal
                         isPermitted="true"
                         name="StiwaConnector"
                         type="User"></Principal>
						<Principal
                         isPermitted="true"
                         name="KBMachineOperatorUserGroup"
                         type="Group"></Principal>
                    </PropertyWrite>
                    <ServiceInvoke>
                        <Principal
                         isPermitted="true"
                         name="StiwaConnector"
                         type="User"></Principal>
						<Principal
                         isPermitted="true"
                         name="KBMachineOperatorUserGroup"
                         type="Group"></Principal>
                    </ServiceInvoke>
                    <EventInvoke></EventInvoke>
                    <EventSubscribe></EventSubscribe>
                </Permissions>
            </RunTimePermissions>
            <VisibilityPermissions>
                <Visibility>
                    <Principal
                     isPermitted="true"
                     name="KBBackGroundWorker"
                     type="Organization"></Principal>
                </Visibility>
            </VisibilityPermissions>
            <ConfigurationTableDefinitions></ConfigurationTableDefinitions>
            <ConfigurationTables></ConfigurationTables>
            <ThingShape>
                <PropertyDefinitions></PropertyDefinitions>
                <ServiceDefinitions>
                    <ServiceDefinition
                     aspect.isAsync="false"
                     category=""
                     description=""
                     isAllowOverride="false"
                     isLocalOnly="false"
                     isOpen="false"
                     isPrivate="false"
                     name="sendThingworxUpload_V1">
                        <ResultType
                         baseType="BOOLEAN"
                         description=""
                         name="result"
                         ordinal="0"></ResultType>
                        <ParameterDefinitions>
                            <FieldDefinition
                             aspect.isRequired="true"
                             baseType="INFOTABLE"
                             description=""
                             name="Infotable4Azure"
                             ordinal="1"></FieldDefinition>
                            <FieldDefinition
                             aspect.isRequired="true"
                             baseType="STRING"
                             description=""
                             name="TableName"
                             ordinal="2"></FieldDefinition>
                        </ParameterDefinitions>
                    </ServiceDefinition>
                    <ServiceDefinition
                     aspect.isAsync="false"
                     category=""
                     description=""
                     isAllowOverride="false"
                     isLocalOnly="false"
                     isOpen="false"
                     isPrivate="false"
                     name="sendAdgTestBenchData_V1">
                        <ResultType
                         baseType="BOOLEAN"
                         description=""
                         name="result"
                         ordinal="0"></ResultType>
                        <ParameterDefinitions>
                            <FieldDefinition
                             aspect.isRequired="true"
                             baseType="INFOTABLE"
                             description=""
                             name="Infotable4Azure"
                             ordinal="1"></FieldDefinition>
                            <FieldDefinition
                             aspect.isRequired="true"
                             baseType="STRING"
                             description=""
                             name="Machine"
                             ordinal="2"></FieldDefinition>
                        </ParameterDefinitions>
                    </ServiceDefinition>
                    <ServiceDefinition
                     aspect.isAsync="false"
                     category=""
                     description=""
                     isAllowOverride="false"
                     isLocalOnly="false"
                     isOpen="false"
                     isPrivate="false"
                     name="sendThingworxDeletedUpload_V1">
                        <ResultType
                         baseType="BOOLEAN"
                         description=""
                         name="result"
                         ordinal="0"></ResultType>
                        <ParameterDefinitions>
                            <FieldDefinition
                             aspect.isRequired="true"
                             baseType="INFOTABLE"
                             description=""
                             name="Infotable4Azure"
                             ordinal="1"></FieldDefinition>
                            <FieldDefinition
                             aspect.isRequired="true"
                             baseType="STRING"
                             description=""
                             name="TableName"
                             ordinal="2"></FieldDefinition>
                        </ParameterDefinitions>
                    </ServiceDefinition>
                    <ServiceDefinition
                     aspect.isAsync="false"
                     category=""
                     description=""
                     isAllowOverride="false"
                     isLocalOnly="false"
                     isOpen="false"
                     isPrivate="false"
                     name="sendSensorFloatData_V1">
                        <ResultType
                         baseType="BOOLEAN"
                         description=""
                         name="result"
                         ordinal="0"></ResultType>
                        <ParameterDefinitions>
                            <FieldDefinition
                             baseType="STRING"
                             description=""
                             name="Comment"
                             ordinal="4"></FieldDefinition>
                            <FieldDefinition
                             baseType="STRING"
                             description=""
                             name="Description"
                             ordinal="3"></FieldDefinition>
                            <FieldDefinition
                             aspect.isRequired="true"
                             baseType="STRING"
                             description=""
                             name="DeviceName"
                             ordinal="1"></FieldDefinition>
                            <FieldDefinition
                             aspect.isRequired="true"
                             baseType="DATETIME"
                             description=""
                             name="MeassurementDateTime"
                             ordinal="9"></FieldDefinition>
                            <FieldDefinition
                             aspect.isRequired="true"
                             baseType="NUMBER"
                             description=""
                             name="MeassurementValue"
                             ordinal="6"></FieldDefinition>
                            <FieldDefinition
                             baseType="NUMBER"
                             description=""
                             name="MeassurementValueLSL"
                             ordinal="7"></FieldDefinition>
                            <FieldDefinition
                             baseType="NUMBER"
                             description=""
                             name="MeassurementValueUSL"
                             ordinal="8"></FieldDefinition>
                            <FieldDefinition
                             aspect.isRequired="true"
                             baseType="STRING"
                             description=""
                             name="SensorName"
                             ordinal="2"></FieldDefinition>
                            <FieldDefinition
                             baseType="STRING"
                             description=""
                             name="Unit"
                             ordinal="5"></FieldDefinition>
                        </ParameterDefinitions>
                    </ServiceDefinition>
                    <ServiceDefinition
                     aspect.isAsync="false"
                     category=""
                     description=""
                     isAllowOverride="false"
                     isLocalOnly="false"
                     isOpen="false"
                     isPrivate="false"
                     name="sendSensorStringData_V1">
                        <ResultType
                         baseType="BOOLEAN"
                         description=""
                         name="result"
                         ordinal="0"></ResultType>
                        <ParameterDefinitions>
                            <FieldDefinition
                             baseType="STRING"
                             description=""
                             name="Comment"
                             ordinal="4"></FieldDefinition>
                            <FieldDefinition
                             baseType="STRING"
                             description=""
                             name="Description"
                             ordinal="3"></FieldDefinition>
                            <FieldDefinition
                             aspect.isRequired="true"
                             baseType="STRING"
                             description=""
                             name="DeviceName"
                             ordinal="1"></FieldDefinition>
                            <FieldDefinition
                             aspect.isRequired="true"
                             baseType="DATETIME"
                             description=""
                             name="MeassurementDateTime"
                             ordinal="9"></FieldDefinition>
                            <FieldDefinition
                             aspect.isRequired="true"
                             baseType="STRING"
                             description=""
                             name="MeassurementValue"
                             ordinal="6"></FieldDefinition>
                            <FieldDefinition
                             aspect.isRequired="true"
                             baseType="STRING"
                             description=""
                             name="SensorName"
                             ordinal="2"></FieldDefinition>
                        </ParameterDefinitions>
                    </ServiceDefinition>
                </ServiceDefinitions>
                <EventDefinitions></EventDefinitions>
                <ServiceMappings></ServiceMappings>
                <ServiceImplementations>
                    <ServiceImplementation
                     description=""
                     handlerName="Script"
                     name="sendThingworxUpload_V1">
                        <ConfigurationTables>
                            <ConfigurationTable
                             dataShapeName=""
                             description=""
                             isMultiRow="false"
                             name="Script"
                             ordinal="0">
                                <DataShape>
                                    <FieldDefinitions>
                                        <FieldDefinition
                                         baseType="STRING"
                                         description="code"
                                         name="code"
                                         ordinal="0"></FieldDefinition>
                                    </FieldDefinitions>
                                </DataShape>
                                <Rows>
                                    <Row>
                                        <code>
                                        <![CDATA[
                                        var SourceSystem = Resources["KBThingWorxServerSystem"].GetCommonHostName();
                                                                                var StagingLevel = Resources["KBThingWorxServerSystem"].GetStagingIdentifier();
                                                                                var AZUREFunctionURL = "";
                                                                                
                                                                                if (StagingLevel == "PROD")
                                                                                {
                                                                                    AZUREFunctionURL = "https://prd-thingworx-weeu-smartproduction-zymir4x-funcapp.azurewebsites.net/api/ThingworxUpload_V1?code=TwFBRz7RztIy8W8deoRaD1Q2bWtD9zBzpZGGNcDEZzyRAzFunPAY5w==";
                                                                                } else
                                                                                {
                                                                                    AZUREFunctionURL = "https://dev-thingworx-weeu-smartproduction-4rhjurm-funcapp.azurewebsites.net/api/ThingworxUpload_V1?code=yUHgUCeHeUQAWBwcLKn1viz6ST383NAH26do-IC18mAXAzFujGQ3kg==";
                                                                                }
                                        
                                                                                
                                                                                var result = false;
                                                                                if (Resources["ContentLoaderFunctions"].PostJSON({
                                                                                    url: AZUREFunctionURL,
                                                                                    timeout: 600,
                                                                                    content: {
                                                                                        "SourceSystem": SourceSystem,
                                                                                        "StagingLevel": StagingLevel,
                                                                                        "TableName": TableName,
                                                                                        "rows": Infotable4Azure.ToJSON().rows  } /* JSON */
                                                                                }).result == "OK"){
                                                                                    result = true; 
                                                                                } else {
                                                                                    result = false; 
                                                                                }
                                        ]]>
                                        </code>
                                    </Row>
                                </Rows>
                            </ConfigurationTable>
                        </ConfigurationTables>
                    </ServiceImplementation>
                    <ServiceImplementation
                     description=""
                     handlerName="Script"
                     name="sendAdgTestBenchData_V1">
                        <ConfigurationTables>
                            <ConfigurationTable
                             dataShapeName=""
                             description=""
                             isMultiRow="false"
                             name="Script"
                             ordinal="0">
                                <DataShape>
                                    <FieldDefinitions>
                                        <FieldDefinition
                                         baseType="STRING"
                                         description="code"
                                         name="code"
                                         ordinal="0"></FieldDefinition>
                                    </FieldDefinitions>
                                </DataShape>
                                <Rows>
                                    <Row>
                                        <code>
                                        <![CDATA[
                                        var SourceSystem = Resources["KBThingWorxServerSystem"].GetCommonHostName();
                                                                                var StagingLevel = Resources["KBThingWorxServerSystem"].GetStagingIdentifier();
                                                                                var AZUREFunctionURL = "";
                                                                                
                                                                                if (StagingLevel == "PROD")
                                                                                {
                                                                                    AZUREFunctionURL = "https://prd-thingworx-weeu-smartproduction-zymir4x-funcapp.azurewebsites.net/api/AdgTestBenchData_V1?code=B02G4IdpsvsqJwbLOo5ASGBnnA6NSw54XGQ-z9gnX0xxAzFurk7odg==";
                                                                                } else
                                                                                {
                                                                                    AZUREFunctionURL = "https://dev-thingworx-weeu-smartproduction-4rhjurm-funcapp.azurewebsites.net/api/AdgTestBenchData_V1?code=XJpRyUMnb7dtfdBGogRfLXoVkmpFPpo8pW3WzH2kY0jZAzFuSc76Pw==";
                                                                                }
                                        
                                                                                
                                                                                var result = false;
                                                                                if (Resources["ContentLoaderFunctions"].PostJSON({
                                                                                    url: AZUREFunctionURL,
                                                                                    timeout: 600,
                                                                                    content: {
                                                                                        "SourceSystem": SourceSystem,
                                                                                        "StagingLevel": StagingLevel,
                                                                                        "TableName": Machine,
                                                                                        "rows": Infotable4Azure.ToJSON().rows  } /* JSON */
                                                                                }).result == "OK"){
                                                                                    result = true; 
                                                                                } else {
                                                                                    result = false; 
                                                                                }
                                        ]]>
                                        </code>
                                    </Row>
                                </Rows>
                            </ConfigurationTable>
                        </ConfigurationTables>
                    </ServiceImplementation>
                    <ServiceImplementation
                     description=""
                     handlerName="Script"
                     name="sendThingworxDeletedUpload_V1">
                        <ConfigurationTables>
                            <ConfigurationTable
                             dataShapeName=""
                             description=""
                             isMultiRow="false"
                             name="Script"
                             ordinal="0">
                                <DataShape>
                                    <FieldDefinitions>
                                        <FieldDefinition
                                         baseType="STRING"
                                         description="code"
                                         name="code"
                                         ordinal="0"></FieldDefinition>
                                    </FieldDefinitions>
                                </DataShape>
                                <Rows>
                                    <Row>
                                        <code>
                                        <![CDATA[
                                        var SourceSystem = Resources["KBThingWorxServerSystem"].GetCommonHostName();
                                                                                var StagingLevel = Resources["KBThingWorxServerSystem"].GetStagingIdentifier();
                                                                                var AZUREFunctionURL = "";
                                                                                
                                                                                if (StagingLevel == "PROD")
                                                                                {
                                                                                    AZUREFunctionURL = "https://prd-thingworx-weeu-smartproduction-zymir4x-funcapp.azurewebsites.net/api/ThingworxDeletedUpload_V1?code=rfM_h3Q-zcC8UDI7tzbzWPbxclJnFV2ccNEbYHudbhbIAzFuNBQGOw==";
                                                                                } else
                                                                                {
                                                                                    AZUREFunctionURL = "https://dev-thingworx-weeu-smartproduction-4rhjurm-funcapp.azurewebsites.net/api/ThingworxDeletedUpload_V1?code=cCdF3pWHp8Bg23vLW89Bx0_F3ErYrQ82BqEwzyZnVeZWAzFubSqUpg==";
                                                                                }
                                        
                                                                                
                                                                                var result = false;
                                                                                if (Resources["ContentLoaderFunctions"].PostJSON({
                                                                                    url: AZUREFunctionURL,
                                                                                    timeout: 600,
                                                                                    content: {
                                                                                        "SourceSystem": SourceSystem,
                                                                                        "StagingLevel": StagingLevel,
                                                                                        "TableName": TableName,
                                                                                        "rows": Infotable4Azure.ToJSON().rows  } /* JSON */
                                                                                }).result == "OK"){
                                                                                    result = true; 
                                                                                } else {
                                                                                    result = false; 
                                                                                }
                                        ]]>
                                        </code>
                                    </Row>
                                </Rows>
                            </ConfigurationTable>
                        </ConfigurationTables>
                    </ServiceImplementation>
                    <ServiceImplementation
                     description=""
                     handlerName="Script"
                     name="sendSensorFloatData_V1">
                        <ConfigurationTables>
                            <ConfigurationTable
                             dataShapeName=""
                             description=""
                             isMultiRow="false"
                             name="Script"
                             ordinal="0">
                                <DataShape>
                                    <FieldDefinitions>
                                        <FieldDefinition
                                         baseType="STRING"
                                         description="code"
                                         name="code"
                                         ordinal="0"></FieldDefinition>
                                    </FieldDefinitions>
                                </DataShape>
                                <Rows>
                                    <Row>
                                        <code>
                                        <![CDATA[
                                        var SourceSystem = Resources["KBThingWorxServerSystem"].GetCommonHostName();
                                        var StagingLevel = Resources["KBThingWorxServerSystem"].GetStagingIdentifier();
                                        var AZUREFunctionURL = "";
                                        
                                        if (StagingLevel == "PROD")
                                        {
                                            AZUREFunctionURL = "https://prd-thingworx-weeu-smartproduction-zymir4x-funcapp.azurewebsites.net/api/SensorFloatData_V1?code=6LHu6d4CXtzUeAR5lPJlEIOquMk_DgXLsav0zmXHS8BaAzFu8GvuqQ==";
                                        } else
                                        {
                                            AZUREFunctionURL = "https://dev-thingworx-weeu-smartproduction-4rhjurm-funcapp.azurewebsites.net/api/SensorFloatData_V1?code=_NsuNo8Pr6RNVq8reviuwP8AzGHFfcySu_QssGE1GzGKAzFuiICS6A==";
                                        }
                                        
                                        var Plant = "";
                                        var Division = "";
                                        
                                        try {
                                        	if (Things[DeviceName].thingTemplate == "KBLocalStationThingTemplate")
                                            {
                                        		var machine = Things[DeviceName].KBLocalLineThing;
                                                Plant = Things[machine].KBPlantThing;
                                            } else if (Things[DeviceName].thingTemplate == "KBLocalMachineThingTemplate")
                                            {
                                                Plant = Things[DeviceName].KBPlantThing;
                                            } 
                                            Division = Things[Plant].KBDivisionThing;
                                        } catch(err) {
                                        
                                        }
                                        
                                        
                                        var result = false;
                                        if (Resources["ContentLoaderFunctions"].PostJSON({
                                            url: AZUREFunctionURL,
                                            timeout: 600,
                                            content: {
                                                "SourceSystem": SourceSystem,
                                                "StagingLevel": StagingLevel,
                                                "DeviceName": DeviceName,
                                                "SensorName": SensorName,
                                                "Description": Description,
                                                "Comment": Comment,
                                                "Unit": Unit,
                                                "Plant": Plant,
                                                "Division": Division,
                                                "MeassurementValue": MeassurementValue,
                                                "MeassurementValueLSL": MeassurementValueLSL,
                                                "MeassurementValueUSL": MeassurementValueUSL,
                                                "MeassurementDateTimeJava": MeassurementDateTime  } /* JSON */
                                        }).result == "OK"){
                                            result = true; 
                                        } else {
                                            result = false; 
                                        }
                                        ]]>
                                        </code>
                                    </Row>
                                </Rows>
                            </ConfigurationTable>
                        </ConfigurationTables>
                    </ServiceImplementation>
                    <ServiceImplementation
                     description=""
                     handlerName="Script"
                     name="sendSensorStringData_V1">
                        <ConfigurationTables>
                            <ConfigurationTable
                             dataShapeName=""
                             description=""
                             isMultiRow="false"
                             name="Script"
                             ordinal="0">
                                <DataShape>
                                    <FieldDefinitions>
                                        <FieldDefinition
                                         baseType="STRING"
                                         description="code"
                                         name="code"
                                         ordinal="0"></FieldDefinition>
                                    </FieldDefinitions>
                                </DataShape>
                                <Rows>
                                    <Row>
                                        <code>
                                        <![CDATA[
                                        var SourceSystem = Resources["KBThingWorxServerSystem"].GetCommonHostName();
                                        var StagingLevel = Resources["KBThingWorxServerSystem"].GetStagingIdentifier();
                                        var AZUREFunctionURL = "";
                                        
                                        if (StagingLevel == "PROD")
                                        {
                                            AZUREFunctionURL = "https://prd-thingworx-weeu-smartproduction-zymir4x-funcapp.azurewebsites.net/api/SensorStringData_V1?code=SSNDYJ42LHsPrV1EnJdlLkEkTO1K63bixkMFswsYL-AtAzFuUXSZsw==";
                                        } else
                                        {
                                            AZUREFunctionURL = "https://dev-thingworx-weeu-smartproduction-4rhjurm-funcapp.azurewebsites.net/api/SensorStringData_V1?code=nqR6V_Hn21gZcEHNTH9jbfXIp1V2NdV9Bw94poAAZM68AzFu_PwDyA==";
                                        }
                                        
                                        var Plant = "";
                                        var Division = "";
                                        
                                        try {
                                        	if (Things[DeviceName].thingTemplate == "KBLocalStationThingTemplate")
                                            {
                                        		var machine = Things[DeviceName].KBLocalLineThing;
                                                Plant = Things[machine].KBPlantThing;
                                            } else if (Things[DeviceName].thingTemplate == "KBLocalMachineThingTemplate")
                                            {
                                                Plant = Things[DeviceName].KBPlantThing;
                                            } 
                                            Division = Things[Plant].KBDivisionThing;
                                        } catch(err) {
                                        
                                        }
                                        
                                        
                                        var result = false;
                                        if (Resources["ContentLoaderFunctions"].PostJSON({
                                            url: AZUREFunctionURL,
                                            timeout: 600,
                                            content: {
                                                "SourceSystem": SourceSystem,
                                                "StagingLevel": StagingLevel,
                                                "DeviceName": DeviceName,
                                                "SensorName": SensorName,
                                                "Description": Description,
                                                "Comment": Comment,
                                                "Plant": Plant,
                                                "Division": Division,
                                                "MeassurementValue": MeassurementValue,
                                                "MeassurementDateTimeJava": MeassurementDateTime  } /* JSON */
                                        }).result == "OK"){
                                            result = true; 
                                        } else {
                                            result = false; 
                                        }
                                        ]]>
                                        </code>
                                    </Row>
                                </Rows>
                            </ConfigurationTable>
                        </ConfigurationTables>
                    </ServiceImplementation>
                </ServiceImplementations>
                <Subscriptions></Subscriptions>
            </ThingShape>
            <PropertyBindings></PropertyBindings>
            <RemotePropertyBindings></RemotePropertyBindings>
            <RemoteServiceBindings></RemoteServiceBindings>
            <RemoteEventBindings></RemoteEventBindings>
            <AlertConfigurations></AlertConfigurations>
            <ImplementedShapes></ImplementedShapes>
            <ThingProperties></ThingProperties>
        </Thing>
    </Things>
</Entities>
