<?xml version="1.0" encoding="UTF-8"?>
<Entities
 majorVersion="9"
 minorVersion="3"
 universal="password">
    <ThingTemplates>
        <ThingTemplate
         baseThingTemplate="KBGenericMSSQLDatabaseTemplate"
         description="MUC only for exceptions import!!"
         documentationContent=""
         effectiveThingPackage="DatabaseThing"
         homeMashup=""
         inheritedValueStream=""
         name="KBBRQExceptionDatabaseTemplate"
         projectName="TWX-Ext-KBNonSAPConnectors"
         tags=""
         thingPackage=""
         valueStream="">
            <avatar></avatar>
            <DesignTimePermissions>
                <Create></Create>
                <Read></Read>
                <Update></Update>
                <Delete></Delete>
                <Metadata></Metadata>
            </DesignTimePermissions>
            <RunTimePermissions></RunTimePermissions>
            <VisibilityPermissions>
                <Visibility></Visibility>
            </VisibilityPermissions>
            <ConfigurationTableDefinitions></ConfigurationTableDefinitions>
            <ConfigurationTables>
                <ConfigurationTable
                 dataShapeName=""
                 description="JDBC Settings"
                 isMultiRow="false"
                 name="ConnectionInfo"
                 ordinal="0">
                    <DataShape>
                        <FieldDefinitions>
                            <FieldDefinition
                             aspect.defaultValue="SELECT NOW()"
                             baseType="STRING"
                             description="Connection test string/query"
                             name="connectionValidationString"
                             ordinal="2"></FieldDefinition>
                            <FieldDefinition
                             aspect.defaultValue="jdbc:mydb:/server:port/database?param=value"
                             aspect.friendlyName="JDBC Connection String"
                             baseType="STRING"
                             description="JDBC Connection URL"
                             name="jDBCConnectionURL"
                             ordinal="1"></FieldDefinition>
                            <FieldDefinition
                             aspect.defaultValue="com.yourdatabase.yourDriver"
                             aspect.friendlyName="JDBC Driver Class Name"
                             baseType="STRING"
                             description="JDBC Driver Class Name"
                             name="jDBCDriverClass"
                             ordinal="0"></FieldDefinition>
                            <FieldDefinition
                             aspect.defaultValue="5.0"
                             aspect.friendlyName="Maxium Number of Connections"
                             baseType="NUMBER"
                             description="Maximum number of connections in the pool"
                             name="maxConnections"
                             ordinal="3"></FieldDefinition>
                            <FieldDefinition
                             aspect.friendlyName="Database Password"
                             baseType="PASSWORD"
                             description="Database password"
                             name="password"
                             ordinal="5"></FieldDefinition>
                            <FieldDefinition
                             aspect.friendlyName="Database User Name"
                             baseType="STRING"
                             description="Database user name"
                             name="userName"
                             ordinal="4"></FieldDefinition>
                        </FieldDefinitions>
                    </DataShape>
                    <Rows>
                        <Row>
                            <connectionValidationString>
                            <![CDATA[
                            select GETDATE()
                            ]]>
                            </connectionValidationString>
                            <jDBCConnectionURL>
                            <![CDATA[
                            jdbc:sqlserver://host\\instance:1433;databaseName=name;applicationName=Thingworx;
                            ]]>
                            </jDBCConnectionURL>
                            <jDBCDriverClass>
                            <![CDATA[
                            com.microsoft.sqlserver.jdbc.SQLServerDriver
                            ]]>
                            </jDBCDriverClass>
                            <maxConnections>5.0</maxConnections>
                            <password></password>
                            <userName></userName>
                        </Row>
                    </Rows>
                </ConfigurationTable>
                <ConfigurationTable
                 dataShapeName=""
                 description="Connection Monitoring Settings"
                 isMultiRow="false"
                 name="ConnectionMonitoring"
                 ordinal="0">
                    <DataShape>
                        <FieldDefinitions>
                            <FieldDefinition
                             aspect.defaultValue="30000.0"
                             aspect.friendlyName="Monitor Rate (milliseconds)"
                             baseType="NUMBER"
                             description="Monitor rate in milliseconds"
                             name="connectionMonitorRate"
                             ordinal="1"></FieldDefinition>
                            <FieldDefinition
                             aspect.defaultValue="false"
                             aspect.friendlyName="Enable Monitoring"
                             baseType="BOOLEAN"
                             description="Enable connection monitoring"
                             name="enableMonitor"
                             ordinal="0"></FieldDefinition>
                            <FieldDefinition
                             aspect.defaultValue="1.0"
                             aspect.friendlyName="Number of Retries"
                             baseType="NUMBER"
                             description="Number of retries"
                             name="numberOfRetries"
                             ordinal="2"></FieldDefinition>
                            <FieldDefinition
                             aspect.defaultValue="2000.0"
                             aspect.friendlyName="Retry Delay (milliseconds)"
                             baseType="NUMBER"
                             description="Retry delay in milliseconds"
                             name="retryDelay"
                             ordinal="3"></FieldDefinition>
                        </FieldDefinitions>
                    </DataShape>
                    <Rows>
                        <Row>
                            <connectionMonitorRate>30000.0</connectionMonitorRate>
                            <enableMonitor>false</enableMonitor>
                            <numberOfRetries>1.0</numberOfRetries>
                            <retryDelay>2000.0</retryDelay>
                        </Row>
                    </Rows>
                </ConfigurationTable>
                <ConfigurationTable
                 dataShapeName=""
                 description="Field/Column Name Aliases"
                 isMultiRow="true"
                 name="ColumnAliases"
                 ordinal="1">
                    <DataShape>
                        <FieldDefinitions>
                            <FieldDefinition
                             aspect.friendlyName="Database Column Name"
                             baseType="STRING"
                             description="Database column name"
                             name="columnName"
                             ordinal="0"></FieldDefinition>
                            <FieldDefinition
                             aspect.friendlyName="Thingworx Field Name"
                             baseType="STRING"
                             description="Thingworx field name"
                             name="fieldName"
                             ordinal="1"></FieldDefinition>
                        </FieldDefinitions>
                    </DataShape>
                    <Rows></Rows>
                </ConfigurationTable>
            </ConfigurationTables>
            <PropertyBindings></PropertyBindings>
            <RemotePropertyBindings></RemotePropertyBindings>
            <RemoteServiceBindings></RemoteServiceBindings>
            <RemoteEventBindings></RemoteEventBindings>
            <AlertConfigurations></AlertConfigurations>
            <ThingShape>
                <PropertyDefinitions></PropertyDefinitions>
                <ServiceDefinitions>
                    <ServiceDefinition
                     aspect.isAsync="false"
                     category=""
                     description=""
                     isAllowOverride="false"
                     isLocalOnly="false"
                     isOpen="false"
                     isPrivate="false"
                     name="GetExceptions">
                        <ResultType
                         aspect.dataShape="KBBRQExceptionShiftTimeDataShape"
                         baseType="INFOTABLE"
                         description=""
                         name="result"
                         ordinal="0"></ResultType>
                        <ParameterDefinitions>
                            <FieldDefinition
                             aspect.isRequired="true"
                             baseType="STRING"
                             description=""
                             name="yyyymmdd"
                             ordinal="1"></FieldDefinition>
                        </ParameterDefinitions>
                    </ServiceDefinition>
                    <ServiceDefinition
                     aspect.isAsync="false"
                     category=""
                     description=""
                     isAllowOverride="false"
                     isLocalOnly="false"
                     isOpen="false"
                     isPrivate="false"
                     name="ProcessExceptions">
                        <ResultType
                         baseType="NOTHING"
                         description=""
                         name="result"
                         ordinal="0"></ResultType>
                        <ParameterDefinitions></ParameterDefinitions>
                    </ServiceDefinition>
                    <ServiceDefinition
                     aspect.isAsync="false"
                     category=""
                     description=""
                     isAllowOverride="false"
                     isLocalOnly="false"
                     isOpen="false"
                     isPrivate="false"
                     name="ProcessExceptionsWithDate">
                        <ResultType
                         baseType="NOTHING"
                         description=""
                         name="result"
                         ordinal="0"></ResultType>
                        <ParameterDefinitions>
                            <FieldDefinition
                             aspect.isRequired="true"
                             baseType="INTEGER"
                             description=""
                             name="DayOffset"
                             ordinal="2"></FieldDefinition>
                            <FieldDefinition
                             aspect.isRequired="true"
                             baseType="DATETIME"
                             description=""
                             name="StartDate"
                             ordinal="1"></FieldDefinition>
                        </ParameterDefinitions>
                    </ServiceDefinition>
                </ServiceDefinitions>
                <EventDefinitions></EventDefinitions>
                <ServiceMappings></ServiceMappings>
                <ServiceImplementations>
                    <ServiceImplementation
                     description=""
                     handlerName="SQLQuery"
                     name="GetExceptions">
                        <ConfigurationTables>
                            <ConfigurationTable
                             dataShapeName=""
                             description="SQLQuery"
                             isMultiRow="false"
                             name="Query"
                             ordinal="0">
                                <DataShape>
                                    <FieldDefinitions>
                                        <FieldDefinition
                                         baseType="NUMBER"
                                         description="maxItems"
                                         name="maxItems"
                                         ordinal="0"></FieldDefinition>
                                        <FieldDefinition
                                         baseType="STRING"
                                         description="sql"
                                         name="sql"
                                         ordinal="0"></FieldDefinition>
                                        <FieldDefinition
                                         baseType="NUMBER"
                                         description="timeout"
                                         name="timeout"
                                         ordinal="0"></FieldDefinition>
                                    </FieldDefinitions>
                                </DataShape>
                                <Rows>
                                    <Row>
                                        <maxItems>500.0</maxItems>
                                        <sql>
                                        <![CDATA[
                                        EXEC [dbo].[cpTWXPlannedProductionTime] @DateStart = [[yyyymmdd]], @Location = 'BRQ'
                                        ]]>
                                        </sql>
                                        <timeout>100.0</timeout>
                                    </Row>
                                </Rows>
                            </ConfigurationTable>
                        </ConfigurationTables>
                    </ServiceImplementation>
                    <ServiceImplementation
                     description=""
                     handlerName="Script"
                     name="ProcessExceptions">
                        <ConfigurationTables>
                            <ConfigurationTable
                             dataShapeName=""
                             description="Script"
                             isMultiRow="false"
                             name="Script"
                             ordinal="0">
                                <DataShape>
                                    <FieldDefinitions>
                                        <FieldDefinition
                                         baseType="STRING"
                                         description="code"
                                         name="code"
                                         ordinal="0"></FieldDefinition>
                                    </FieldDefinitions>
                                </DataShape>
                                <Rows>
                                    <Row>
                                        <code>
                                        <![CDATA[
                                        var location = Resources["KBThingWorxServerSystem"].GetLocationIdentifier();
                                        
                                        if (location == "MUC") {
                                        	logger.warn("KBBRQExceptionDatabaseTemplate.ProcessExceptions Start");
                                        
                                        	// dateValue:DATETIME
                                        	var dateValue = new Date();
                                            
                                            me.ProcessExceptionsWithDate({
                                        		StartDate: dateValue /* DATETIME */,
                                        		DayOffset: 0
                                        	});
                                        	 me.ProcessExceptionsWithDate({
                                        		StartDate: dateValue /* DATETIME */,
                                        		DayOffset: 1
                                        	});
                                        	 me.ProcessExceptionsWithDate({
                                        		StartDate: dateValue /* DATETIME */,
                                        		DayOffset: -1
                                        	});
                                        	logger.warn("KBBRQExceptionDatabaseTemplate.ProcessExceptions done for today");
                                            
                                        	// dateAddDays(dateValue:DATETIME,amount:NUMBER):STRING
                                        	var calculatedDateValue = dateAddDays(dateValue, 1);
                                        
                                        	 me.ProcessExceptionsWithDate({
                                        		StartDate: calculatedDateValue /* DATETIME */,
                                        		DayOffset: 0
                                        	});
                                        	 me.ProcessExceptionsWithDate({
                                        		StartDate: calculatedDateValue /* DATETIME */,
                                        		DayOffset: 1
                                        	});
                                        	 me.ProcessExceptionsWithDate({
                                        		StartDate: calculatedDateValue /* DATETIME */,
                                        		DayOffset: -1
                                        	});
                                        	logger.warn("KBBRQExceptionDatabaseTemplate.ProcessExceptions done for next day");
                                        }
                                        ]]>
                                        </code>
                                    </Row>
                                </Rows>
                            </ConfigurationTable>
                        </ConfigurationTables>
                    </ServiceImplementation>
                    <ServiceImplementation
                     description=""
                     handlerName="Script"
                     name="ProcessExceptionsWithDate">
                        <ConfigurationTables>
                            <ConfigurationTable
                             dataShapeName=""
                             description="Script"
                             isMultiRow="false"
                             name="Script"
                             ordinal="0">
                                <DataShape>
                                    <FieldDefinitions>
                                        <FieldDefinition
                                         baseType="STRING"
                                         description="code"
                                         name="code"
                                         ordinal="0"></FieldDefinition>
                                    </FieldDefinitions>
                                </DataShape>
                                <Rows>
                                    <Row>
                                        <code>
                                        <![CDATA[
                                        var location = Resources["KBThingWorxServerSystem"].GetLocationIdentifier();
                                        
                                        if (location == "MUC") {
                                        	var plantName = '292D';
                                        	
                                        	logger.warn("KBBRQExceptionDatabaseTemplate.ProcessExceptionsWithDate Start: " + plantName);
                                        	
                                        	var calculatedDateValue = dateAddDays(StartDate,DayOffset);
                                        	var year = calculatedDateValue.getFullYear();
                                        	var month = calculatedDateValue.getMonth() + 1;
                                        	var day = calculatedDateValue.getDate();
                                        	
                                        	var dateForShiftCalendar = "";
                                        	dateForShiftCalendar += year;
                                        	dateForShiftCalendar += "-";
                                        	if (month < 10) { dateForShiftCalendar += "0";}
                                        	dateForShiftCalendar += month;
                                        	dateForShiftCalendar += "-";
                                        	if (day < 10) { dateForShiftCalendar += "0";}
                                        	dateForShiftCalendar += day;
                                        	
                                        	logger.warn("KBBRQExceptionDatabaseTemplate.ProcessExceptionsWithDate dateForShiftCalendar: " + dateForShiftCalendar+ " (StartDate: "+StartDate+")");
                                        	
                                        	
                                        	var params = {
                                        		yyyymmdd: dateForShiftCalendar /* STRING */
                                        	};
                                        	
                                        	// result: INFOTABLE dataShape: "KBBRQExceptionShiftTimeDataShape"
                                        	var data = me.GetExceptions(params);
                                        	
                                        	if (data !== null) {
                                        		//******************************************************************************
                                        		//Log data
                                        		// dateValue:DATETIME
                                        		var dateValue = new Date();
                                        		var logpath = "ProcessExceptionsWithDate"+dateValue.getTime()+".json"; 
                                        		
                                        		var params = {
                                        			path: logpath /* STRING */,
                                        			content: data.ToJSON() /* JSON */
                                        		};
                                        		
                                        		// no return
                                        		Things["KBBRQExceptionLoggerFileRepositoryThing"].SaveJSON(params);
                                        		//Log data
                                        		//******************************************************************************
                                        		
                                        		
                                        		var DB = Resources["KBThingWorxServerSystem"].GetSAPThingWorxDatabaseThing();
                                        		
                                        		var currentdaystart = new Date(StartDate.getFullYear(), StartDate.getMonth(), StartDate.getDate(), 0, 0, 0, 0);
                                        		var currentdayend = new Date(StartDate.getFullYear(), StartDate.getMonth(), StartDate.getDate(), 23, 59, 59, 999);
                                        	
                                        		var DBKPI = Resources["KBThingWorxServerSystem"].GetKPIThingWorxDatabaseThing();
                                        	    var offset = Things[DBKPI].GetUTCOffsetAtDate({DateTime: currentdaystart})[0].Offset;
                                                var currentdaystart = dateAddMinutes(currentdaystart,offset);
                                                var currentdayend = dateAddMinutes(currentdayend,offset);
                                        		logger.warn("KBBRQExceptionDatabaseTemplate.ProcessExceptionsWithDate currentdaystart: " + currentdaystart+ ", currentdayend: " + currentdayend+ ", Log-Path: "+logpath);
                                        	
                                        		var params = {
                                        			endDate: currentdayend /* DATETIME */,
                                        			plant: plantName /* STRING */,
                                        			startDate: currentdaystart /* DATETIME */
                                        		};
                                        		
                                        		// result: NUMBER
                                        		if (DayOffset==0){
                                        			logger.warn("KBBRQExceptionDatabaseTemplate.ProcessExceptionsWithDate DeleteShiftDatasFromDataTable: "+Things[DB].DeleteShiftDatasFromDataTableWithExceptions(params));
                                        		}
                                        		
                                                var tableLength = data.rows.length;
                                        		
                                        		logger.warn("KBBRQExceptionDatabaseTemplate.ProcessExceptionsWithDate Lines received: " + tableLength);
                                        
                                        		for (var x = 0; x < tableLength; x++) {
                                        			try {
                                        				var row = data.rows[x];
                                        				//Your code here
                                        			
                                        			    // result: NUMBER
                                        			    if (row.StartTime >= currentdaystart && row.StartTime <=currentdayend){
                                        					logger.debug("KBBRQExceptionDatabaseTemplate.ProcessExceptionsWithDate: machine: "+ row.WpIdent + ", StartTime: " + row.StartTime + ", EndTime: "+row.EndTime);
                                        				    Things[DB].AddShiftDataToDataTable({
                                        				        EndTime: row.EndTime /* DATETIME */,
                                        				        machine: row.WpIdent /* STRING */,
                                        				        plant: plantName /* STRING */,
                                        				        StartTime: row.StartTime /* DATETIME */,
                                        				        Qualifier: "E-T" /* STRING */,
                                        				        Name: row.ShiftType /* STRING */
                                        				    });
                                        				} 
                                        	        }catch(err){
                                        				logger.error("KBBRQExceptionDatabaseTemplate.ProcessExceptionsWithDate: Error: "+ err);
                                        	        }
                                        		  }
                                            	}
                                        	logger.warn("KBBRQExceptionDatabaseTemplate.ProcessExceptionsWithDate done");
                                        }
                                        ]]>
                                        </code>
                                    </Row>
                                </Rows>
                            </ConfigurationTable>
                        </ConfigurationTables>
                    </ServiceImplementation>
                </ServiceImplementations>
                <Subscriptions></Subscriptions>
            </ThingShape>
            <ImplementedShapes></ImplementedShapes>
            <SharedConfigurationTables></SharedConfigurationTables>
            <InstanceDesignTimePermissions>
                <Create></Create>
                <Read></Read>
                <Update></Update>
                <Delete></Delete>
                <Metadata></Metadata>
            </InstanceDesignTimePermissions>
            <InstanceRunTimePermissions></InstanceRunTimePermissions>
            <InstanceVisibilityPermissions>
                <Visibility></Visibility>
            </InstanceVisibilityPermissions>
        </ThingTemplate>
    </ThingTemplates>
</Entities>
