<?xml version="1.0" encoding="UTF-8" standalone="no"?>
<Entities build="b167" majorVersion="8" minorVersion="2"
	modelPersistenceProviderPackage="MssqlPersistenceProviderPackage"
	revision="2" schemaVersion="1020" universal="">
	<Things>
		<Thing description="" documentationContent=""
			effectiveThingPackage="SchedulerThing" enabled="true" homeMashup=""
			identifier="" lastModifiedDate="2018-09-24T13:53:32.335+02:00"
			name="KBBRQExceptionShiftTimeTimer" projectName="TWX-Ext-KBNonSAPConnectors"
			published="false"
			tags="KBThingWorxInstallationVocabulary:ExtensionNDNCConnector"
			thingTemplate="Scheduler" valueStream="">
			<Owner name="adm-flassakm" type="User" />
			<avatar />
			<DesignTimePermissions>
				<Create />
				<Read />
				<Update />
				<Delete />
				<Metadata />
			</DesignTimePermissions>
			<RunTimePermissions />
			<VisibilityPermissions>
				<Visibility />
			</VisibilityPermissions>
			<ConfigurationTables>
				<ConfigurationTable
					description="General Settings" isMultiRow="false" name="Settings"
					ordinal="0">
					<DataShape>
						<FieldDefinitions>
							<FieldDefinition aspect.defaultValue="true"
								baseType="BOOLEAN"
								description="Automatically enable scheduler on startup"
								name="enabled" ordinal="0" />
							<FieldDefinition baseType="USERNAME"
								description="User context in which to run event handlers"
								name="runAsUser" ordinal="0" />
							<FieldDefinition
								aspect.defaultValue="0 0/1 * * * ?" baseType="SCHEDULE"
								description="Execution Schedule (Cron String)" name="schedule"
								ordinal="0" />
						</FieldDefinitions>
					</DataShape>
					<Rows>
						<Row>
							<enabled>true</enabled>
							<runAsUser>
								<![CDATA[Administrator]]>
							</runAsUser>
							<schedule><![CDATA[0 30 0/1 * * ? *]]></schedule>
						</Row>
					</Rows>
				</ConfigurationTable>
			</ConfigurationTables>
			<ThingShape>
				<PropertyDefinitions />
				<ServiceDefinitions />
				<EventDefinitions />
				<ServiceMappings />
				<ServiceImplementations />
				<Subscriptions>
					<Subscription enabled="true"
						eventName="ScheduledEvent" source="" sourceProperty="">
						<ServiceImplementation description=""
							handlerName="Script" name="Event.ScheduledEvent">
							<ConfigurationTables>
								<ConfigurationTable description=""
									isMultiRow="false" name="Script" ordinal="0">
									<DataShape>
										<FieldDefinitions>
											<FieldDefinition baseType="STRING"
												description="code" name="code" ordinal="0" />
										</FieldDefinitions>
									</DataShape>
									<Rows>
										<Row>
											<code><![CDATA[
var location = Resources["KBThingWorxServerSystem"].GetLocationIdentifier();

if (location == "MUC") {
	// no return
	Things["KBBRQExceptionDatabaseThing_V2"].ProcessExceptions();
}

]]></code>
										</Row>
									</Rows>
								</ConfigurationTable>
							</ConfigurationTables>
						</ServiceImplementation>
					</Subscription>
				</Subscriptions>
			</ThingShape>
			<PropertyBindings />
			<RemotePropertyBindings />
			<RemoteServiceBindings />
			<RemoteEventBindings />
			<AlertConfigurations />
			<ImplementedShapes />
			<ThingProperties />
		</Thing>
	</Things>
</Entities>