<?xml version="1.0" encoding="UTF-8"?>
<Entities
 majorVersion="9"
 minorVersion="3"
 universal="password">
    <ApplicationKeys>
        <ApplicationKey
         clientName=""
         description=""
         documentationContent=""
         expirationDate="2033-08-06T13:41:00.000Z"
         homeMashup=""
         ipWhitelist=""
         keyId=""
         name="StiwaConnectorKey"
         projectName="TWX-Ext-KBNonSAPConnectors"
         tags=""
         userNameReference="StiwaConnector">
            <avatar></avatar>
            <DesignTimePermissions>
                <Create></Create>
                <Read></Read>
                <Update></Update>
                <Delete></Delete>
                <Metadata></Metadata>
            </DesignTimePermissions>
            <RunTimePermissions></RunTimePermissions>
            <VisibilityPermissions>
                <Visibility></Visibility>
            </VisibilityPermissions>
            <ConfigurationTableDefinitions></ConfigurationTableDefinitions>
            <ConfigurationTables></ConfigurationTables>
        </ApplicationKey>
    </ApplicationKeys>
</Entities>
