<?xml version="1.0" encoding="UTF-8" standalone="no"?>
<Entities build="b2319" majorVersion="8" minorVersion="4"
	modelPersistenceProviderPackage="MssqlPersistenceProviderPackage"
	revision="4" schemaVersion="1041" universal="">
	<Things>
		<Thing aspect.isExtension="true"
			aspect.isEditableExtensionObject="false" description="MUC only for shift calendar import!!" documentationContent=""
			effectiveThingPackage="DatabaseThing" enabled="true" homeMashup=""
			identifier="" lastModifiedDate="2021-02-25T12:10:46.776+01:00"
			name="KBKBADatabaseThing_V2" projectName="TWX-Ext-KBNonSAPConnectors"
			published="false" tags="KBThingWorxInstallationVocabulary:ExtensionKBAConnector"
			thingTemplate="KBKBADatabaseTemplate" valueStream="">
			<Owner name="adm-flassakm" type="User" />
			<avatar />
			<DesignTimePermissions>
				<Create />
				<Read />
				<Update />
				<Delete />
				<Metadata />
			</DesignTimePermissions>
			<RunTimePermissions />
			<VisibilityPermissions>
				<Visibility />
			</VisibilityPermissions>
			<ConfigurationTableDefinitions />
			<ConfigurationTables>
				<ConfigurationTable description="JDBC Settings"
					isMultiRow="false" name="ConnectionInfo" ordinal="0">
					<DataShape>
						<FieldDefinitions>
							<FieldDefinition
								aspect.defaultValue="SELECT NOW()" baseType="STRING"
								description="Connection test string/query"
								name="connectionValidationString" ordinal="2" />
							<FieldDefinition
								aspect.defaultValue="jdbc:mydb:/server:port/database?param=value"
								aspect.friendlyName="JDBC Connection String" baseType="STRING"
								description="JDBC Connection URL" name="jDBCConnectionURL"
								ordinal="1" />
							<FieldDefinition
								aspect.defaultValue="com.yourdatabase.yourDriver"
								aspect.friendlyName="JDBC Driver Class Name" baseType="STRING"
								description="JDBC Driver Class Name" name="jDBCDriverClass"
								ordinal="0" />
							<FieldDefinition aspect.defaultValue="5.0"
								aspect.friendlyName="Maxium Number of Connections"
								baseType="NUMBER"
								description="Maximum number of connections in the pool"
								name="maxConnections" ordinal="3" />
							<FieldDefinition
								aspect.friendlyName="Database Password" baseType="PASSWORD"
								description="Database password" name="password" ordinal="5" />
							<FieldDefinition
								aspect.friendlyName="Database User Name" baseType="STRING"
								description="Database user name" name="userName" ordinal="4" />
						</FieldDefinitions>
					</DataShape>
					<Rows>
						<Row>
							<connectionValidationString><![CDATA[select GETDATE()]]></connectionValidationString>
							<jDBCDriverClass><![CDATA[com.microsoft.sqlserver.jdbc.SQLServerDriver]]></jDBCDriverClass>
							<maxConnections>5.0</maxConnections>
						</Row>
					</Rows>
				</ConfigurationTable>
				<ConfigurationTable
					description="Connection Monitoring Settings" isMultiRow="false"
					name="ConnectionMonitoring" ordinal="0">
					<DataShape>
						<FieldDefinitions>
							<FieldDefinition aspect.defaultValue="30000.0"
								aspect.friendlyName="Monitor Rate (seconds)" baseType="NUMBER"
								description="Monitor rate in milliseconds"
								name="connectionMonitorRate" ordinal="1" />
							<FieldDefinition aspect.defaultValue="false"
								aspect.friendlyName="Enable Monitoring" baseType="BOOLEAN"
								description="Enable connection monitoring" name="enableMonitor"
								ordinal="0" />
							<FieldDefinition aspect.defaultValue="1.0"
								aspect.friendlyName="Number of Retries" baseType="NUMBER"
								description="Number of retries" name="numberOfRetries"
								ordinal="2" />
							<FieldDefinition aspect.defaultValue="2000.0"
								aspect.friendlyName="Retry Delay (milliseconds)"
								baseType="NUMBER" description="Retry delay in milliseconds"
								name="retryDelay" ordinal="3" />
						</FieldDefinitions>
					</DataShape>
					<Rows>
						<Row>
							<connectionMonitorRate>30000.0</connectionMonitorRate>
							<enableMonitor>false</enableMonitor>
							<numberOfRetries>1.0</numberOfRetries>
							<retryDelay>2000.0</retryDelay>
						</Row>
					</Rows>
				</ConfigurationTable>
				<ConfigurationTable
					description="Field/Column Name Aliases" isMultiRow="true"
					name="ColumnAliases" ordinal="1">
					<DataShape>
						<FieldDefinitions>
							<FieldDefinition
								aspect.friendlyName="Database Column Name" baseType="STRING"
								description="Database column name" name="columnName" ordinal="0" />
							<FieldDefinition
								aspect.friendlyName="Thingworx Field Name" baseType="STRING"
								description="Thingworx field name" name="fieldName" ordinal="1" />
						</FieldDefinitions>
					</DataShape>
					<Rows />
				</ConfigurationTable>
			</ConfigurationTables>
			<ThingShape>
				<PropertyDefinitions />
				<ServiceDefinitions>
				</ServiceDefinitions>
				<EventDefinitions />
				<ServiceMappings />
				<ServiceImplementations>
				</ServiceImplementations>
				<Subscriptions />
			</ThingShape>
			<PropertyBindings />
			<RemotePropertyBindings />
			<RemoteServiceBindings />
			<RemoteEventBindings />
			<AlertConfigurations />
			<ImplementedShapes />
			<ThingProperties />
		</Thing>
	</Things>
</Entities>