<?xml version="1.0" encoding="UTF-8"?>
<Entities build="b2319" majorVersion="8" minorVersion="4"
	modelPersistenceProviderPackage="MssqlPersistenceProviderPackage"
	revision="4" schemaVersion="1041" universal="password">
	<ThingTemplates>
		<ThingTemplate
			baseThingTemplate="KBGenericMSSQLDatabaseTemplate" description=""
			documentationContent="" effectiveThingPackage="DatabaseThing"
			homeMashup="" lastModifiedDate="2021-02-02T13:58:18.178+01:00"
			name="KBKBADatabaseTemplate" projectName="TWX-Ext-KBNonSAPConnectors"
			tags="KBThingWorxInstallationVocabulary:ExtensionKBAConnector"
			thingPackage="" valueStream="">
			<avatar></avatar>
			<DesignTimePermissions>
				<Create></Create>
				<Read></Read>
				<Update></Update>
				<Delete></Delete>
				<Metadata></Metadata>
			</DesignTimePermissions>
			<RunTimePermissions>
			</RunTimePermissions>
			<VisibilityPermissions>
			</VisibilityPermissions>
			<ConfigurationTableDefinitions></ConfigurationTableDefinitions>
			<ConfigurationTables>
				<ConfigurationTable description="JDBC Settings"
					isMultiRow="false" name="ConnectionInfo" ordinal="0">
					<DataShape>
						<FieldDefinitions>
							<FieldDefinition
								aspect.defaultValue="SELECT NOW()" baseType="STRING"
								description="Connection test string/query"
								name="connectionValidationString" ordinal="2"></FieldDefinition>
							<FieldDefinition
								aspect.defaultValue="jdbc:mydb:/server:port/database?param=value"
								aspect.friendlyName="JDBC Connection String" baseType="STRING"
								description="JDBC Connection URL" name="jDBCConnectionURL"
								ordinal="1"></FieldDefinition>
							<FieldDefinition
								aspect.defaultValue="com.yourdatabase.yourDriver"
								aspect.friendlyName="JDBC Driver Class Name" baseType="STRING"
								description="JDBC Driver Class Name" name="jDBCDriverClass"
								ordinal="0"></FieldDefinition>
							<FieldDefinition aspect.defaultValue="5.0"
								aspect.friendlyName="Maxium Number of Connections"
								baseType="NUMBER"
								description="Maximum number of connections in the pool"
								name="maxConnections" ordinal="3"></FieldDefinition>
							<FieldDefinition
								aspect.friendlyName="Database Password" baseType="PASSWORD"
								description="Database password" name="password" ordinal="5"></FieldDefinition>
							<FieldDefinition
								aspect.friendlyName="Database User Name" baseType="STRING"
								description="Database user name" name="userName" ordinal="4"></FieldDefinition>
						</FieldDefinitions>
					</DataShape>
					<Rows>
						<Row>
							<connectionValidationString>
                            <![CDATA[
                            select GETDATE()
                            ]]>
							</connectionValidationString>
							<jDBCConnectionURL>
                            <![CDATA[
                            jdbc:sqlserver://host\\instance:1433;databaseName=name;applicationName=Thingworx;
                            ]]>
							</jDBCConnectionURL>
							<jDBCDriverClass>
                            <![CDATA[
                            com.microsoft.sqlserver.jdbc.SQLServerDriver
                            ]]>
							</jDBCDriverClass>
							<maxConnections>5.0</maxConnections>
							<password></password>
							<userName></userName>
						</Row>
					</Rows>
				</ConfigurationTable>
				<ConfigurationTable
					description="Connection Monitoring Settings" isMultiRow="false"
					name="ConnectionMonitoring" ordinal="0">
					<DataShape>
						<FieldDefinitions>
							<FieldDefinition aspect.defaultValue="30000.0"
								aspect.friendlyName="Monitor Rate (seconds)" baseType="NUMBER"
								description="Monitor rate in milliseconds"
								name="connectionMonitorRate" ordinal="1"></FieldDefinition>
							<FieldDefinition aspect.defaultValue="false"
								aspect.friendlyName="Enable Monitoring" baseType="BOOLEAN"
								description="Enable connection monitoring" name="enableMonitor"
								ordinal="0"></FieldDefinition>
							<FieldDefinition aspect.defaultValue="1.0"
								aspect.friendlyName="Number of Retries" baseType="NUMBER"
								description="Number of retries" name="numberOfRetries"
								ordinal="2"></FieldDefinition>
							<FieldDefinition aspect.defaultValue="2000.0"
								aspect.friendlyName="Retry Delay (milliseconds)"
								baseType="NUMBER" description="Retry delay in milliseconds"
								name="retryDelay" ordinal="3"></FieldDefinition>
						</FieldDefinitions>
					</DataShape>
					<Rows>
						<Row>
							<connectionMonitorRate>30000.0</connectionMonitorRate>
							<enableMonitor>false</enableMonitor>
							<numberOfRetries>1.0</numberOfRetries>
							<retryDelay>2000.0</retryDelay>
						</Row>
					</Rows>
				</ConfigurationTable>
				<ConfigurationTable
					description="Field/Column Name Aliases" isMultiRow="true"
					name="ColumnAliases" ordinal="1">
					<DataShape>
						<FieldDefinitions>
							<FieldDefinition
								aspect.friendlyName="Database Column Name" baseType="STRING"
								description="Database column name" name="columnName" ordinal="0"></FieldDefinition>
							<FieldDefinition
								aspect.friendlyName="Thingworx Field Name" baseType="STRING"
								description="Thingworx field name" name="fieldName" ordinal="1"></FieldDefinition>
						</FieldDefinitions>
					</DataShape>
					<Rows></Rows>
				</ConfigurationTable>
			</ConfigurationTables>
			<PropertyBindings></PropertyBindings>
			<RemotePropertyBindings></RemotePropertyBindings>
			<RemoteServiceBindings></RemoteServiceBindings>
			<RemoteEventBindings></RemoteEventBindings>
			<AlertConfigurations></AlertConfigurations>
			<ThingShape>
				<PropertyDefinitions></PropertyDefinitions>
				<ServiceDefinitions>
					<ServiceDefinition aspect.isAsync="false"
						category="" description="" isAllowOverride="false"
						isLocalOnly="false" isOpen="false" isPrivate="false"
						name="GetShiftCalendar">
						<ResultType aspect.dataShape="KBKBAShiftTimeDataShape"
							baseType="INFOTABLE" description="" name="result" ordinal="0" />
						<ParameterDefinitions>
							<FieldDefinition aspect.isRequired="true"
								baseType="STRING" description="" name="yyyymmdd" ordinal="1" />
						</ParameterDefinitions>
					</ServiceDefinition>
					<ServiceDefinition aspect.isAsync="false"
						category="" description="" isAllowOverride="false"
						isLocalOnly="false" isOpen="false" isPrivate="false"
						name="ProcessShiftCalendarWithDate">
						<ResultType baseType="NOTHING" description=""
							name="result" ordinal="0" />
						<ParameterDefinitions>
							<FieldDefinition aspect.isRequired="true"
								baseType="DATETIME" description="" name="StartDate" ordinal="1" />
							<FieldDefinition aspect.isRequired="true"
								baseType="INTEGER" description="" name="DayOffset" ordinal="2" />
						</ParameterDefinitions>
					</ServiceDefinition>
					<ServiceDefinition aspect.isAsync="false"
						category="" description="" isAllowOverride="false"
						isLocalOnly="false" isOpen="false" isPrivate="false"
						name="ProcessShiftCalendar">
						<ResultType baseType="NOTHING" description=""
							name="result" ordinal="0" />
						<ParameterDefinitions />
					</ServiceDefinition>
				</ServiceDefinitions>
				<EventDefinitions></EventDefinitions>
				<ServiceMappings></ServiceMappings>
				<ServiceImplementations>
					<ServiceImplementation description=""
						handlerName="SQLQuery" name="GetShiftCalendar">
						<ConfigurationTables>
							<ConfigurationTable description="SQLQuery"
								isMultiRow="false" name="Query" ordinal="0">
								<DataShape>
									<FieldDefinitions>
										<FieldDefinition baseType="NUMBER"
											description="maxItems" name="maxItems" ordinal="0" />
										<FieldDefinition baseType="STRING"
											description="sql" name="sql" ordinal="0" />
										<FieldDefinition baseType="NUMBER"
											description="timeout" name="timeout" ordinal="0" />
									</FieldDefinitions>
								</DataShape>
								<Rows>
									<Row>
										<maxItems>5000.0</maxItems>
										<sql><![CDATA[
EXEC [dbo].[cpTWXPlannedProductionTimeUTC] @DateStart = [[yyyymmdd]]
]]></sql>
										<timeout>80.0</timeout>
									</Row>
								</Rows>
							</ConfigurationTable>
						</ConfigurationTables>
					</ServiceImplementation>
					<ServiceImplementation description=""
						handlerName="Script" name="ProcessShiftCalendar">
						<ConfigurationTables>
							<ConfigurationTable description="Script"
								isMultiRow="false" name="Script" ordinal="0">
								<DataShape>
									<FieldDefinitions>
										<FieldDefinition baseType="STRING"
											description="code" name="code" ordinal="0" />
									</FieldDefinitions>
								</DataShape>
								<Rows>
									<Row>
										<code><![CDATA[
var location = Resources["KBThingWorxServerSystem"].GetLocationIdentifier();

if (location == "MUC") {
	logger.warn("KBKBADatabaseTemplate.ProcessShiftCalendar Start");

	// dateValue:DATETIME
	var dateValue = new Date();
		
	// dateAddDays(dateValue:DATETIME,amount:NUMBER):STRING
	var calculatedDateValue = dateAddDays(dateValue, 1);

	 me.ProcessShiftCalendarWithDate({
		StartDate: calculatedDateValue /* DATETIME */,
		DayOffset: 0
	});
	 me.ProcessShiftCalendarWithDate({
		StartDate: calculatedDateValue /* DATETIME */,
		DayOffset: 1
	});
	 me.ProcessShiftCalendarWithDate({
		StartDate: calculatedDateValue /* DATETIME */,
		DayOffset: -1
	});
	logger.warn("KBKBADatabaseTemplate.ProcessShiftCalendar done for next day");
}
]]></code>
									</Row>
								</Rows>
							</ConfigurationTable>
						</ConfigurationTables>
					</ServiceImplementation>
					<ServiceImplementation description=""
						handlerName="Script" name="ProcessShiftCalendarWithDate">
						<ConfigurationTables>
							<ConfigurationTable description="Script"
								isMultiRow="false" name="Script" ordinal="0">
								<DataShape>
									<FieldDefinitions>
										<FieldDefinition baseType="STRING"
											description="code" name="code" ordinal="0" />
									</FieldDefinitions>
								</DataShape>
								<Rows>
									<Row>
										<code><![CDATA[
var location = Resources["KBThingWorxServerSystem"].GetLocationIdentifier();

if (location == "MUC") {
	var plantName = "KBA";
	
	logger.warn("KBKBADatabaseTemplate.ProcessShiftCalendarWithDate Start: " + plantName);
	
	var calculatedDateValue = dateAddDays(StartDate,DayOffset);
	var year = calculatedDateValue.getFullYear();
	var month = calculatedDateValue.getMonth() + 1;
	var day = calculatedDateValue.getDate();
	
	var dateForShiftCalendar = "";
	dateForShiftCalendar += year;
	dateForShiftCalendar += "-";
	if (month < 10) { dateForShiftCalendar += "0";}
	dateForShiftCalendar += month;
	dateForShiftCalendar += "-";
	if (day < 10) { dateForShiftCalendar += "0";}
	dateForShiftCalendar += day;
	
	logger.warn("KBKBADatabaseTemplate.ProcessShiftCalendarWithDate dateForShiftCalendar: " + dateForShiftCalendar+ " (StartDate: "+StartDate+")");
	
	// result: INFOTABLE dataShape: "KBKBAShiftTimeDataShape"
	var data = me.GetShiftCalendar({
		yyyymmdd: dateForShiftCalendar /* STRING */
	});
	if (data !== null) {
		logger.warn("KBKBADatabaseTemplate.ProcessShiftCalendarWithDate Data received");
		//******************************************************************************
		//Log data
		// dateValue:DATETIME
		dateValue = new Date();
		var logpath = "ProcessShiftCalendarWithDate"+dateValue.getTime()+".json"; 
		// no return
		Things["KBKBALoggerFileRepositoryThing"].SaveJSON({
			path: logpath /* STRING */,
			content: data.ToJSON() /* JSON */
		});
		//Log data
		//******************************************************************************
		
		
		
		var DB = Resources["KBThingWorxServerSystem"].GetSAPThingWorxDatabaseThing();
		
		var currentdaystart = new Date(StartDate.getFullYear(), StartDate.getMonth(), StartDate.getDate(), 0, 0, 0, 0);
		var currentdayend = new Date(StartDate.getFullYear(), StartDate.getMonth(), StartDate.getDate(), 23, 59, 59, 999);
	
		var DBKPI = Resources["KBThingWorxServerSystem"].GetKPIThingWorxDatabaseThing();
	    var offset = Things[DBKPI].GetUTCOffsetAtDate({DateTime: currentdaystart})[0].Offset;
        var currentdaystart = dateAddMinutes(currentdaystart,offset);
        var currentdayend = dateAddMinutes(currentdayend,offset);
		logger.warn("KBKBADatabaseTemplate.ProcessShiftCalendarWithDate currentdaystart: " + currentdaystart+ ", currentdayend: " + currentdayend+ ", Log-Path: "+logpath);
	
		var params = {
			endDate: currentdayend /* DATETIME */,
			plant: plantName /* STRING */,
			startDate: currentdaystart /* DATETIME */
		};
		
		// result: NUMBER
		if (DayOffset==0){
			logger.warn("KBKBADatabaseTemplate.ProcessShiftCalendarWithDate DeleteShiftDatasFromDataTable: "+Things[DB].DeleteShiftDatasFromDataTable(params));
		}
		
		var tableLength = data.rows.length;
		
		logger.warn("KBKBADatabaseTemplate.ProcessShiftCalendarWithDate Lines received: " + tableLength);
		
		
		for (var x = 0; x < tableLength; x++) {
			var row = data.rows[x];
			//Your code here
		
		    // result: NUMBER
		    if (row.StartTime >= currentdaystart && row.StartTime <=currentdayend){
				logger.debug("KBKBADatabaseTemplate.ProcessShiftCalendarWithDate: machine: "+ row.WpIdent + ", StartTime: " + row.StartTime + ", EndTime: "+row.EndTime);
			    Things[DB].AddShiftDataToDataTable({
			        EndTime: row.EndTime /* DATETIME */,
			        machine: row.WpIdent /* STRING */,
			        plant: plantName /* STRING */,
			        StartTime: row.StartTime /* DATETIME */,
			        Qualifier: "W" /* STRING */,
			        Name: "" /* STRING */
			    });
			}
		}
	}
	logger.warn("KBKBADatabaseTemplate.ProcessShiftCalendarWithDate done");
}]]></code>
									</Row>
								</Rows>
							</ConfigurationTable>
						</ConfigurationTables>
					</ServiceImplementation>
				</ServiceImplementations>
				<Subscriptions></Subscriptions>
			</ThingShape>
			<ImplementedShapes></ImplementedShapes>
			<SharedConfigurationTables></SharedConfigurationTables>
			<InstanceDesignTimePermissions>
				<Create></Create>
				<Read></Read>
				<Update></Update>
				<Delete></Delete>
				<Metadata></Metadata>
			</InstanceDesignTimePermissions>
			<InstanceRunTimePermissions>
			</InstanceRunTimePermissions>
			<InstanceVisibilityPermissions>
				<Visibility>
				</Visibility>
			</InstanceVisibilityPermissions>
		</ThingTemplate>
	</ThingTemplates>
</Entities>
