<?xml version="1.0" encoding="UTF-8" standalone="no"?>
<Entities build="b706" majorVersion="9" minorVersion="0"
	modelPersistenceProviderPackage="MssqlPersistenceProviderPackage"
	revision="12" schemaVersion="1109" universal="">
	<ApplicationKeys>
		<ApplicationKey clientName="" description=""
			documentationContent="" expirationDate="2035-12-31T00:00:00.000Z"
			homeMashup="" ipWhitelist=""
			keyId="8727e95e-7e26-490a-bb5d-4711e15d426d"
			lastModifiedDate="2022-02-23T14:44:47.054Z"
			name="KBAdgTestBenchConnectorAppKey" projectName="TWX-Ext-KBNonSAPConnectors" tags=""
			userNameReference="Administrator">
			<Owner name="adm-flassakm" type="User" />
			<avatar />
			<DesignTimePermissions>
				<Create />
				<Read />
				<Update />
				<Delete />
				<Metadata />
			</DesignTimePermissions>
			<RunTimePermissions />
			<VisibilityPermissions>
				<Visibility />
			</VisibilityPermissions>
			<ConfigurationTableDefinitions />
			<ConfigurationTables />
		</ApplicationKey>
	</ApplicationKeys>
</Entities>