<?xml version="1.0" encoding="UTF-8" standalone="no"?>
<Entities build="b167" majorVersion="8" minorVersion="2"
	modelPersistenceProviderPackage="MssqlPersistenceProviderPackage"
	revision="2" schemaVersion="1020" universal="">
	<Things>
		<Thing description="" documentationContent=""
			effectiveThingPackage="SchedulerThing" enabled="true" homeMashup=""
			identifier="" lastModifiedDate="2018-09-24T13:53:32.335+02:00"
			name="KBBudGetMachineStatusFromNDNCTimer" projectName="TWX-Ext-KBNonSAPConnectors" published="false"
			tags="KBThingWorxInstallationVocabulary:ExtensionNDNCConnector"
			thingTemplate="Scheduler" valueStream="">
			<Owner name="adm-flassakm" type="User" />
			<avatar />
			<DesignTimePermissions>
				<Create />
				<Read />
				<Update />
				<Delete />
				<Metadata />
			</DesignTimePermissions>
			<RunTimePermissions />
			<VisibilityPermissions>
				<Visibility />
			</VisibilityPermissions>
			<ConfigurationTables>
				<ConfigurationTable
					description="General Settings" isMultiRow="false" name="Settings"
					ordinal="0">
					<DataShape>
						<FieldDefinitions>
							<FieldDefinition aspect.defaultValue="true"
								baseType="BOOLEAN"
								description="Automatically enable scheduler on startup"
								name="enabled" ordinal="0" />
							<FieldDefinition baseType="USERNAME"
								description="User context in which to run event handlers"
								name="runAsUser" ordinal="0" />
							<FieldDefinition
								aspect.defaultValue="0 0/1 * * * ?" baseType="SCHEDULE"
								description="Execution Schedule (Cron String)" name="schedule"
								ordinal="0" />
						</FieldDefinitions>
					</DataShape>
					<Rows>
						<Row>
							<enabled>true</enabled>
							<runAsUser>
								<![CDATA[Administrator]]>
							</runAsUser>
							<schedule><![CDATA[0 0/15 * * * ? *]]></schedule>
						</Row>
					</Rows>
				</ConfigurationTable>
			</ConfigurationTables>
			<ThingShape>
				<PropertyDefinitions>
                    <PropertyDefinition
                     aspect.cacheTime="0.0"
                     aspect.dataChangeType="VALUE"
                     aspect.isLogged="false"
                     aspect.isPersistent="false"
                     aspect.isReadOnly="false"
                     baseType="BOOLEAN"
                     category=""
                     description=""
                     isLocalOnly="false"
                     name="isRunning"
                     ordinal="1"></PropertyDefinition>
                    <PropertyDefinition
                     aspect.cacheTime="0.0"
                     aspect.dataChangeType="VALUE"
                     aspect.isLogged="false"
                     aspect.isPersistent="true"
                     aspect.isReadOnly="false"
                     baseType="STRING"
                     category=""
                     description=""
                     isLocalOnly="false"
                     name="LastRunResult"
                     ordinal="2"></PropertyDefinition>
                    <PropertyDefinition
                     aspect.cacheTime="0.0"
                     aspect.dataChangeType="VALUE"
                     aspect.isLogged="false"
                     aspect.isPersistent="true"
                     aspect.isReadOnly="false"
                     baseType="DATETIME"
                     category=""
                     description=""
                     isLocalOnly="false"
                     name="LastRunStart"
                     ordinal="1"></PropertyDefinition>
                    <PropertyDefinition
                     aspect.cacheTime="0.0"
                     aspect.dataChangeType="VALUE"
                     aspect.isLogged="false"
                     aspect.isPersistent="true"
                     aspect.isReadOnly="false"
                     baseType="DATETIME"
                     category=""
                     description=""
                     isLocalOnly="false"
                     name="LastRunEnd"
                     ordinal="1"></PropertyDefinition>
				</PropertyDefinitions>
				<ServiceDefinitions />
				<EventDefinitions />
				<ServiceMappings />
				<ServiceImplementations />
				<Subscriptions>
					<Subscription enabled="true"
						eventName="ScheduledEvent" source="" sourceProperty="">
						<ServiceImplementation description=""
							handlerName="Script" name="Event.ScheduledEvent">
							<ConfigurationTables>
								<ConfigurationTable description=""
									isMultiRow="false" name="Script" ordinal="0">
									<DataShape>
										<FieldDefinitions>
											<FieldDefinition baseType="STRING"
												description="code" name="code" ordinal="0" />
										</FieldDefinitions>
									</DataShape>
									<Rows>
										<Row>
											<code><![CDATA[
var location = Resources["KBThingWorxServerSystem"].GetLocationIdentifier();

if (location == "BUD" && !me.isRunning) {
        me.isRunning=true;

		//0: Production
		//1: Planned shut down --> organizational
		//2: Machine Shut down --> technical
		//3: Speed losses --> speed

        try {
	        me.LastRunResult="Started";
	        me.LastRunStart=new Date();
			logger.debug("KBBudNdncEventTimer: Start");
			var JobName = "MachineStatusNDNC";
			
			var PointerId = Things["KBNonSAPThingWorxDatabaseThing"].GetSmartKPIKepwareConnectorPointer({
				Identifier: JobName /* STRING */
			}).rows[0].UpdatedId;
			
			
			// result: INFOTABLE dataShape: ""
			var dataTable = Things["KBBudNdncDatabaseThing_V2"].GetMachineStatusFromNDNC({
				StartId: PointerId /* LONG */
			});
			//
			var tableLength = dataTable.rows.length;
			for (var x=0; x < tableLength; x++) {
			    var row = dataTable.rows[x];
			    //Your code here
			    // result: NUMBER
			    Things["KBNonSAPThingWorxDatabaseThing"].SetSmartKPIMachineStatusDataFromNDNC({
			        ndncStatusChanged: row.StatusChanged /* DATETIME */,
			        ndncOEECIPLossCategory: row.OEECIPLossCategory /* STRING */,
			        ndncOEECIPLossType: row.OEECIPLossType /* STRING */,
			        ndncWpIdent: row.WpIdent /* STRING */,
			        ndncNDNCEventTextEN: row.NDNCEventTextEN /* STRING */
			    });
			    // result: NUMBER
			    Things["KBNonSAPThingWorxDatabaseThing"].SetSmartKPIKepwareConnectorPointer({
			        Identifier: JobName /* STRING */,
			        Id: row.ID /* LONG */
			    });
		        me.LastRunResult="Started (" + row.ID + ")";
			}
	        me.LastRunResult="OK";
        } catch(err) {
            logger.error("KBBudNdncEventTimer: Error "+err);
	        me.LastRunResult=err;
        }
        me.LastRunEnd=new Date();
        me.isRunning=false;
}

]]></code>
										</Row>
									</Rows>
								</ConfigurationTable>
							</ConfigurationTables>
						</ServiceImplementation>
					</Subscription>
				</Subscriptions>
			</ThingShape>
			<PropertyBindings />
			<RemotePropertyBindings />
			<RemoteServiceBindings />
			<RemoteEventBindings />
			<AlertConfigurations />
			<ImplementedShapes />
			<ThingProperties />
		</Thing>
	</Things>
</Entities>