<?xml version="1.0" encoding="UTF-8" standalone="no"?>
<Entities build="b167" majorVersion="8" minorVersion="2"
	modelPersistenceProviderPackage="MssqlPersistenceProviderPackage"
	revision="2" schemaVersion="1020" universal="">
	<DataShapes>
		<DataShape baseDataShape="" description=""
			documentationContent="" homeMashup=""
			lastModifiedDate="2018-09-24T13:09:40.280+02:00"
			name="KBPnaShiftTimeDataShape" projectName="TWX-Ext-KBNonSAPConnectors"
			tags="KBThingWorxInstallationVocabulary:ExtensionNDNCConnector">
			<Owner name="adm-flassakm" type="User" />
			<avatar />
			<DesignTimePermissions>
				<Create />
				<Read />
				<Update />
				<Delete />
				<Metadata />
			</DesignTimePermissions>
			<RunTimePermissions />
			<VisibilityPermissions>
				<Visibility />
			</VisibilityPermissions>
			<ConfigurationTables />
			<FieldDefinitions>
				<FieldDefinition baseType="INTEGER" description="ID"
					name="ID" ordinal="0" />
				<FieldDefinition baseType="DATETIME"
					description="StartTime" name="StartTime" ordinal="1" />
				<FieldDefinition baseType="DATETIME"
					description="EndTime" name="EndTime" ordinal="2" />
				<FieldDefinition baseType="STRING"
					description="WpIdent" name="WpIdent" ordinal="3" />
				<FieldDefinition baseType="STRING"
					description="IntervalType" name="IntervalType" ordinal="4" />
				<FieldDefinition baseType="STRING"
					description="ShiftType" name="ShiftType" ordinal="4" />
			</FieldDefinitions>
		</DataShape>
	</DataShapes>
</Entities>