<?xml version="1.0" encoding="UTF-8" standalone="no"?>
<Entities build="b167" majorVersion="8" minorVersion="2"
	modelPersistenceProviderPackage="MssqlPersistenceProviderPackage"
	revision="2" schemaVersion="1020" universal="">
	<Things>
		<Thing description="" documentationContent=""
			effectiveThingPackage="FileRepositoryThing" enabled="true"
			homeMashup="" identifier=""
			lastModifiedDate="2019-06-19T08:13:21.855+02:00"
			name="KBPnaLoggerFileRepositoryThing" projectName="TWX-Ext-KBNonSAPConnectors"
			published="false" tags="" thingTemplate="FileRepository"
			valueStream="">
			<Owner name="adm-flassakm" type="User" />
			<avatar />
			<DesignTimePermissions>
				<Create />
				<Read />
				<Update />
				<Delete />
				<Metadata />
			</DesignTimePermissions>
			<RunTimePermissions />
			<VisibilityPermissions>
				<Visibility>
					<Principal isPermitted="true" name="KBBackGroundWorker"
						type="Organization" />
				</Visibility>
			</VisibilityPermissions>
			<ConfigurationTables />
			<ThingShape>
				<PropertyDefinitions />
				<ServiceDefinitions />
				<EventDefinitions />
				<ServiceMappings />
				<ServiceImplementations />
				<Subscriptions />
			</ThingShape>
			<PropertyBindings />
			<RemotePropertyBindings />
			<RemoteServiceBindings />
			<RemoteEventBindings />
			<AlertConfigurations />
			<ImplementedShapes />
			<ThingProperties />
		</Thing>
	</Things>
</Entities>